Dokument;Kategorie;Beschreibung;Datei
Prospekt Deutschland;Prospekt;Unter anderem auf dem deutschen Markt erscheinendes Prospekt;Deutsches -Prospekt.pdf
Prospekt Schweiz;Prospekt;Unter anderem auf dem schweizer Markt erscheinendes Prospekt;ProspektSchweiz.pdf
TUEV-Rheinland;Musterbericht;Musterbericht TÜV Rheinland;TUEV-Rheinland-Musterbericht.pdf
Service Informationen; Werkstatt-Information;Technische Service Informationen;TechnischeServiceInformation.pdf
Einlegeblatt; Werkstatt-Information;Einlegeblatt;Einlegeblatt.pdf
Ersatzteilliste; Werkstatt-Information;Capri Turbo-Ersatzteilliste;WTSparePartsList.pdf
 Werkstatt-Information; Werkstatt-Information;Werkstatt-Information;Werkstattinformation-V2.pdf
Innenbelüftete Scheibenbremse;Einbauanleitung;"Einbauanleitung Nr.: 18-76
Innenbelüftete Scheibenbremse - Anhang aus Werkstatt-Information";EinbauanleitungInnenbelüfteteScheibenbremsen18-76.pdf
RS Vorderachse Capri II;Einbauanleitung;"Einbauanleitung Nr.: 70-78
RS Vorderachse Capri II - Anhang aus Werkstatt-Information";Einbauanleitung70-78RSVorderachseCapriII.pdf
Große Verbreiterung Capri ´78;Einbauanleitung;"Einbauanleitung Nr.: 78-78
Große Verbreiterung Capri ´78 - Anhang aus Werkstatt-Information";Einbauanleitung78-78GroßeVerbreiterungCapri78.pdf
RS Fussstütze Capri;Einbauanleitung;"Einbauanleitung Nr.: 89-79
RS Fussstütze Capri - Anhang aus Werkstatt-Information";Einbauanleitung89-79RSFussstützeCapri.pdf
RS Heckspoiler Capri (turbo);Einbauanleitung;"Einbauanleitung Nr.: 117-81
RS Heckspoiler Capri (turbo) - Anhang aus Werkstatt-Information";Einbauanleitung117-81-RS-HeckspoilerCapri(turbo).pdf
Frontspoiler Turbo - Capri;Einbauanleitung;"Einbauanleitung Nr.: 118-81
Frontspoiler Turbo - Capri - Anhang aus Werkstatt-Information";Einbauanleitung118-81FrontspoilerTurbo-Capri.pdf
RS-Lenkrad Alle PKW;Einbauanleitung;"Einbauanleitung Nr.: 89-79
RS-Lenkrad Alle PKW - Anhang aus Werkstatt-Information";Einbauanleitung130-82RS-LenkradAllePKW.pdf
